Year,Value
2022,0.324324324324324
2021,0.283783783783784
2020,0.27027027027027
2019,0.189189189189189
2018,0.0675675675675676
