{"Year":[2022,2021,2020,2019,2018],"Value":[0.3243243243,0.2837837838,0.2702702703,0.1891891892,0.0675675676]}