{"Year":[2019,2019,2019,2019,2019,2019,2019,2019,2019,2019,2019,2019,2019,2019,2019,2019,2019,2019,2019,2019,2019,2019,2019,2019,2019,2019,2019,2019,2019,2019,2019,2019,2019],"Entidad federativa":["Estados Unidos Mexicanos","Aguascalientes","Baja California","Baja California Sur","Campeche","Coahuila de Zaragoza","Colima","Chiapas","Chihuahua","Ciudad de M\u00e9xico","Durango","Guanajuato","Guerrero","Hidalgo","Jalisco","M\u00e9xico","Michoac\u00e1n de Ocampo","Morelos","Nayarit","Nuevo Le\u00f3n","Oaxaca","Puebla","Quer\u00e9taro","Quintana Roo","San Luis Potos\u00ed","Sinaloa","Sonora","Tabasco","Tamaulipas","Tlaxcala","Veracruz de Ignacio de la Llave","Yucat\u00e1n","Zacatecas"],"GeoCode":["0","1","2","3","4","5","6","7","8","9","10","11","12","13","14","15","16","17","18","19","20","21","22","23","24","25","26","27","28","29","30","31","32"],"Value":[1.905041872,5.346586315,1.360392451,7.144308396,-0.326862446,0.70367574,-1.880208957,0.777824,0.207353621,0.263156311,2.849945463,2.454127508,2.07793269,1.926685981,1.376004303,3.004435907,1.72223629,0.304141527,2.662135984,3.215377489,0.600809296,0.036662869,7.611156402,1.153557502,2.280799686,0.972060532,2.185555076,0.909048406,1.481159401,1.004254307,0.832715846,3.070544001,0.531619583]}