{"Year":[2014,2013,2012,2011,2007,2002,1993],"Value":[33.7104977258,33.7862836907,33.7862836907,33.7862836907,33.9844790036,34.4225193807,35.2812549411]}