{"Year":[2018,2017,2016,2015,2014,2013,2012,2011,2010,2018,2017,2016,2015,2014,2013,2012,2011,2010,2018,2017,2016,2015,2014,2013,2012,2011,2010,2018,2017,2016,2015,2014,2013,2012,2011,2010,2018,2017,2016,2015,2014,2013,2012,2011,2010,2018,2017,2016,2015,2014,2013,2012,2011,2010,2018,2017,2016,2015,2014,2013,2012,2011,2010,2018,2017,2016,2015,2014,2013,2012,2011,2010,2018,2017,2016,2015,2014,2013,2012,2011,2010,2018,2017,2016,2015,2014,2013,2012,2011,2010,2018,2017,2016,2015,2014,2013,2012,2011,2010],"Grupo taxon\u00f3mico":["Algas","Algas","Algas","Algas","Algas","Algas","Algas","Algas","Algas","Anfibios","Anfibios","Anfibios","Anfibios","Anfibios","Anfibios","Anfibios","Anfibios","Anfibios","Aves","Aves","Aves","Aves","Aves","Aves","Aves","Aves","Aves","Briofitas","Briofitas","Briofitas","Briofitas","Briofitas","Briofitas","Briofitas","Briofitas","Briofitas","Gimnospermas y Angiospermas","Gimnospermas y Angiospermas","Gimnospermas y Angiospermas","Gimnospermas y Angiospermas","Gimnospermas y Angiospermas","Gimnospermas y Angiospermas","Gimnospermas y Angiospermas","Gimnospermas y Angiospermas","Gimnospermas y Angiospermas","Hongos","Hongos","Hongos","Hongos","Hongos","Hongos","Hongos","Hongos","Hongos","Invertebrados","Invertebrados","Invertebrados","Invertebrados","Invertebrados","Invertebrados","Invertebrados","Invertebrados","Invertebrados","Mam\u00edferos","Mam\u00edferos","Mam\u00edferos","Mam\u00edferos","Mam\u00edferos","Mam\u00edferos","Mam\u00edferos","Mam\u00edferos","Mam\u00edferos","Peces","Peces","Peces","Peces","Peces","Peces","Peces","Peces","Peces","Pteridofitas","Pteridofitas","Pteridofitas","Pteridofitas","Pteridofitas","Pteridofitas","Pteridofitas","Pteridofitas","Pteridofitas","Reptiles","Reptiles","Reptiles","Reptiles","Reptiles","Reptiles","Reptiles","Reptiles","Reptiles"],"Value":[0.0408413314,0.0408413314,0.0402982067,0.040096231,0.0405597242,0.0406586705,0.0534188034,0.0534188034,0.0405597242,49.6163682864,49.6163682864,49.8714652956,49.2385786802,50.9186351706,50.7853403141,51.0526315789,51.0526315789,50.9186351706,35.3471596032,35.3471596032,35.4430379747,35.0,35.3153153153,36.4990689013,35.7664233577,35.7664233577,35.3153153153,0.4270462633,null,null,0.3701418877,0.3712871287,0.3814367451,0.4,0.4018754186,0.3712871287,3.7142857143,3.7142857143,3.7471373292,3.6177188167,3.6260125325,3.7492098609,4.0817204301,4.198743474,3.6260125325,1.0281627179,1.0281627179,1.0274737547,1.0274737547,0.1745598057,1.0742643624,2.1081576535,2.1081576535,1.0277033065,null,null,null,null,null,1.25,2.0736352095,2.0736352095,null,53.2967032967,53.2967032967,53.2967032967,51.6873889876,52.3381294964,53.0054644809,54.6992481203,54.6992481203,52.3381294964,7.3302191879,7.3302191879,7.3354908306,7.1553840758,7.3328540618,7.34870317,7.5110456554,7.5110456554,7.3328540618,2.5996533795,2.5996533795,2.6155187446,2.5929127053,2.6086956522,2.6478375993,2.722323049,2.7598896044,2.6086956522,49.4972067039,49.4972067039,49.9436302142,47.8401727862,50.0564971751,51.1547344111,55.0995024876,55.0995024876,50.0564971751]}