{"Year":[2021,2021,2021,2021,2021],"Desarrollo adecuado_Ni\u00f1os_Ni\u00f1as":["Total","Ni\u00f1os","Ni\u00f1as","Urbano","Rural"],"Value":[81.5212304364,78.1261221666,84.9906085987,82.4071740107,78.9121148919]}