{"Year":[2021,2021,2021,2021,2021,2021,2021,2021,2021,2021,2021,2021,2021,2021,2021,2021,2021,2021,2021,2021,2021,2021,2021,2021,2021,2021,2021,2021,2021,2021,2021,2021,2021],"Entidad federativa":["Estados Unidos Mexicanos","Aguascalientes","Baja California","Baja California Sur","Campeche","Coahuila de Zaragoza","Colima","Chiapas","Chihuahua","Ciudad de M\u00e9xico","Durango","Guanajuato","Guerrero","Hidalgo","Jalisco","M\u00e9xico","Michoac\u00e1n de Ocampo","Morelos","Nayarit","Nuevo Le\u00f3n","Oaxaca","Puebla","Quer\u00e9taro","Quintana Roo","San Luis Potos\u00ed","Sinaloa","Sonora","Tabasco","Tamaulipas","Tlaxcala","Veracruz de Ignacio de la Llave","Yucat\u00e1n","Zacatecas"],"GeoCode":["0","1","2","3","4","5","6","7","8","9","10","11","12","13","14","15","16","17","18","19","20","21","22","23","24","25","26","27","28","29","30","31","32"],"Value":[3.9973223385,5.499688742,4.7459935331,6.0272424033,5.9414699967,3.0968268355,3.871332962,1.4867682261,5.1793742291,6.988393928,5.3782785357,3.402998818,4.1422160216,3.64236843,4.8072187001,3.404730757,3.3940558869,4.2166664194,3.6409491902,3.4073257564,2.6936827618,2.3033872157,4.899363676,4.9794879502,4.541922217,5.1235627454,3.4045498238,3.35388749,6.4849675556,5.6837988996,2.7480067144,6.5266669992,3.8757402429]}