Year,Edad brecha,Value
2019,Total (5 a 11 años),0.3916204909999999
2017,Total (5 a 11 años),0.4722515720000001
2015,Total (5 a 11 años),0.439982476
2019,De 5 a 7 años,-0.0455128049999999
2017,De 5 a 7 años,0.0299655819999999
2015,De 5 a 7 años,0.028284063
2019,De 8 a 9 años,0.1369554669999999
2017,De 8 a 9 años,0.389717508
2015,De 8 a 9 años,0.131126178
2019,De 10 a 11 años,0.929351061
2017,De 10 a 11 años,0.8662014840000001
2015,De 10 a 11 años,0.977603911
