{"Year":[2019,2014,2009,2019,2014,2009,2019,2014,2009,2019,2014,2009,2019,2014,2009,2019,2014,2009],"Brecha en el tiempo y por grupos de edad":["12-19 a\u00f1os","12-19 a\u00f1os","12-19 a\u00f1os","20-29 a\u00f1os","20-29 a\u00f1os","20-29 a\u00f1os","30-39 a\u00f1os","30-39 a\u00f1os","30-39 a\u00f1os","40-49 a\u00f1os","40-49 a\u00f1os","40-49 a\u00f1os","50-59 a\u00f1os","50-59 a\u00f1os","50-59 a\u00f1os","60 a\u00f1os y m\u00e1s","60 a\u00f1os y m\u00e1s","60 a\u00f1os y m\u00e1s"],"Value":[-8.9724386366,-9.5631051659,-11.2153881521,-26.9623436642,-27.7497321732,-28.1856938032,-32.5376068121,-34.3070752664,-35.2000311909,-29.5993258617,-30.6277856482,-33.8279306416,-28.2166364235,-30.328758591,-30.5827697616,-19.9538121531,-20.4768324804,-20.9144094722]}