{"Year":[2021,2020,2019,2018,2017,2016,2015,2014,2013,2012,2011,2010,2009,2008,2007,2006,2005,2004,2003,2002,2001,2000,1999,1998],"Value":[39.9758756006,43.094989692,49.1049824697,49.6195472701,48.3986677114,44.6998640094,43.1357612909,40.1954101341,37.8286337011,36.5342960289,36.3116511794,35.0838156779,29.1851851852,27.5316752698,25.2777777778,24.0235294118,23.1672932331,21.5930451128,20.5827067669,19.474680549,17.9951585817,16.9577558712,15.7500782396,15.7612653082]}