{"Year":[2021,2020,2019,2018,2017,2016,2015],"Value":[4.3540558751,-8.2231919314,-0.7866115253,1.3664686036,2.1465221135,3.950841057,1.8033127823]}