{"Year":[2021,2020,2019,2018,2017,2016,2015],"Value":[0.087983422,0.175858848,0.091302817,0.246291848,2.46001886,6.110198968,0.231132849]}