{"Year":[2019,2018,2017,2016,2015,2014,2013,2012],"Value":[55.9529580655,55.7556431081,55.2561649651,55.2570887978,55.4156466919,54.7665213288,51.8616278711,53.101540476]}