{"Year":[2021,2018,2015,2021,2018,2015,2021,2018,2015,2021,2018,2015,2021,2018,2015,2021,2018,2015],"Escolaridad y sin escolaridad":["Total","Total","Total","Sin escolaridad","Sin escolaridad","Sin escolaridad","Primaria","Primaria","Primaria","Secundaria","Secundaria","Secundaria","Media superior","Media superior","Media superior","Superior","Superior","Superior"],"Value":[67.78282819,68.32160488,68.38713423,36.09025494,50.25074772,49.3152563,49.53053294,52.97512542,51.16069256,62.6474034,67.22324035,66.05752375,70.72837211,68.34497447,73.69002467,88.06746227,84.66061757,88.67763347]}