{"Year":[2020,2019,2018,2017,2016,2015,2014,2013,2012,2011,2010,2009,2008,2007,2006,2005,2004,2003,2002,2001,2000,1999,1998,1997,1996,1995,2020,2019,2018,2017,2016,2015,2014,2013,2012,2011,2010,2009,2008,2007,2006,2005,2004,2003,2002,2001,2000,1999,1998,1997,1996,1995,2020,2019,2018,2017,2016,2015,2014,2013,2012,2011,2010,2009,2008,2007,2006,2005,2004,2003,2002,2001,2000,1999,1998,1997,1996,1995],"Sexo":["Total","Total","Total","Total","Total","Total","Total","Total","Total","Total","Total","Total","Total","Total","Total","Total","Total","Total","Total","Total","Total","Total","Total","Total","Total","Total","Hombres","Hombres","Hombres","Hombres","Hombres","Hombres","Hombres","Hombres","Hombres","Hombres","Hombres","Hombres","Hombres","Hombres","Hombres","Hombres","Hombres","Hombres","Hombres","Hombres","Hombres","Hombres","Hombres","Hombres","Hombres","Hombres","Mujeres","Mujeres","Mujeres","Mujeres","Mujeres","Mujeres","Mujeres","Mujeres","Mujeres","Mujeres","Mujeres","Mujeres","Mujeres","Mujeres","Mujeres","Mujeres","Mujeres","Mujeres","Mujeres","Mujeres","Mujeres","Mujeres","Mujeres","Mujeres","Mujeres","Mujeres"],"Value":[16.4279754885,16.5708111073,16.6426995587,16.6052991685,16.3033531228,16.0357606081,15.9633973705,15.6636866983,15.2812309279,15.2998111978,15.3637205457,15.0429131431,15.9335308731,16.5183892363,16.7838457893,16.7764125624,17.4236478573,17.5118397342,17.8390687899,18.7303610148,19.5567529964,19.1371335555,18.3742617062,16.9505216726,16.6445897912,15.6325433445,16.5793061081,17.0434899955,16.8043743153,16.7663325862,16.5441298639,16.355140306,16.312067046,16.0000448712,15.6269177473,15.5607450246,15.5358250409,15.0070981441,15.7382674371,16.2547357409,16.2740172561,16.2280782202,16.9491843837,16.7364897325,16.9456952256,17.6924113095,18.5158516261,18.4061829712,17.8052593444,16.5674809301,16.4491132912,16.1724078746,16.1902217165,15.8339920917,16.3821154274,16.3430519343,15.9133878232,15.5144630725,15.389650396,15.120665165,14.7208841176,14.8679048763,15.0773706305,15.1022122305,16.260549816,16.9572403,17.6442226702,17.7271368756,18.2878445291,18.9676229421,19.5367659084,20.7078040601,21.5554763106,20.5889668354,19.498013057,17.7068599665,17.0477911003,14.5016430555]}