{"Year":[2022,2021,2020,2019,2018,2017,2016,2015,2014,2022,2021,2020,2019,2018,2017,2016,2015,2014,2022,2021,2020,2019,2018,2017,2016,2015,2014],"Sexo":["Total","Total","Total","Total","Total","Total","Total","Total","Total","Hombres","Hombres","Hombres","Hombres","Hombres","Hombres","Hombres","Hombres","Hombres","Mujeres","Mujeres","Mujeres","Mujeres","Mujeres","Mujeres","Mujeres","Mujeres","Mujeres"],"Value":[16.5003222955,16.4831409626,16.5452651648,16.7209492873,16.7611569934,16.7120425341,16.3978003774,16.1007645122,16.0132667538,16.6671731193,16.8151364038,16.7336545457,17.2236579703,16.9497185235,16.9012071987,16.6750769717,16.4499525204,16.3897701392,16.2487662451,15.9645190774,16.2495928412,15.9376152447,16.4576182043,16.4045406653,15.9495020072,15.5318468702,15.3950457186]}