Year,Value
2017,36.9319200515747
2014,39.1408443450927
2011,27.4293839931488
