Year,Value
2014,33.7104977257912
2013,33.7862836906921
2012,33.7862836906921
2011,33.7862836906921
2007,33.9844790035717
2002,34.4225193807423
1993,35.2812549411425
