{"data":{"Year":[2020,2019,2018,2017,2016,2015,2014,2013,2012,2011,2010,2009,2008,2007,2006],"Value":[57.4092720034,40.9404042698,38.650602311,38.8347130358,36.2254919655,37.9967822451,38.0695839095,37.8141369581,38.2985982905,38.449202207,37.657400095,37.1043008247,42.2705161533,38.0668906593,37.1262472367]},"edges":[]}