{"data":{"Year":[2021,2020,2019,2018,2017,2016,2021,2020,2019,2018,2017,2016,2021,2020,2019,2018,2017,2016],"Sexo":["Total","Total","Total","Total","Total","Total","Hombres","Hombres","Hombres","Hombres","Hombres","Hombres","Mujeres","Mujeres","Mujeres","Mujeres","Mujeres","Mujeres"],"Value":[42.127039865,40.8715913504,35.7259626267,35.4188527012,32.8964898986,34.5203102406,41.486737917,40.3194103194,35.2456362874,34.9722284892,32.3697642135,34.0078817406,52.8502415459,50.2644148755,44.4487278335,43.6023622047,42.7058023132,43.9946710391]},"edges":[]}