{"data":{"Year":[2018,2014,2018,2014,2018,2014,2018,2014,2018,2014,2018,2014,2018,2014,2018,2014,2018,2014,2018,2014,2018,2014,2018,2014,2018,2014,2018,2014,2018,2014,2018,2014,2018,2014,2018,2014],"Sexo":["Total","Total","Total","Total","Total","Total","Total","Total","Total","Total","Total","Total","Hombres","Hombres","Hombres","Hombres","Hombres","Hombres","Hombres","Hombres","Hombres","Hombres","Hombres","Hombres","Mujeres","Mujeres","Mujeres","Mujeres","Mujeres","Mujeres","Mujeres","Mujeres","Mujeres","Mujeres","Mujeres","Mujeres"],"Hijos sobrevivientes menores de 5":["Total","Total","Menos de 1 a\u00f1o","Menos de 1 a\u00f1o","1 a\u00f1o","1 a\u00f1o","2 a\u00f1os","2 a\u00f1os","3 a\u00f1os","3 a\u00f1os","4 a\u00f1os","4 a\u00f1os","Total","Total","Menos de 1 a\u00f1o","Menos de 1 a\u00f1o","1 a\u00f1o","1 a\u00f1o","2 a\u00f1os","2 a\u00f1os","3 a\u00f1os","3 a\u00f1os","4 a\u00f1os","4 a\u00f1os","Total","Total","Menos de 1 a\u00f1o","Menos de 1 a\u00f1o","1 a\u00f1o","1 a\u00f1o","2 a\u00f1os","2 a\u00f1os","3 a\u00f1os","3 a\u00f1os","4 a\u00f1os","4 a\u00f1os"],"Value":[94.1209852631,92.9540430067,78.8774772732,77.7366653028,96.1114238343,94.381038873,97.1378486926,96.2900180564,98.0609212017,97.2633890065,98.7014765601,97.8515143643,94.2378455381,93.175079538,79.3701955727,79.1048120609,96.1432126526,94.7261307205,97.5658253123,96.568322743,97.7689505701,96.9568526358,98.5290299077,97.780079931,94.0017804274,92.7223184876,78.3812953361,76.2344406621,96.0795495124,94.0128852317,96.719332805,96.0057265429,98.3510158424,97.5804116263,98.8954660046,97.9249848234]},"edges":{"From":["Sexo"],"To":["Hijos sobrevivientes menores de 5"]}}