{"data":{"Year":[2021,2020,2019,2018,2017,2016,2015,2014,2013,2012,2011,2010,2009,2008],"Value":[12.2705104128,10.8652640562,12.270646919,11.8354288797,12.41331372,12.4568838216,11.8836244009,12.6491030309,12.0270000691,12.8685806119,10.9178171222,11.21847394,10.4381265778,11.5741257935]},"edges":[]}