{"data":{"Year":[2019,2018,2017,2016,2015,2014,2013,2012],"Value":[7.7364784409,7.4245075627,7.2504671083,7.2484502209,6.6721500552,6.5925306981,6.5076036483,6.6044995837]},"edges":[]}