{"data":{"Year":[2020,2019,2018,2017,2016,2015,2014,2013],"Value":[63.2151686102,62.469076729,59.5758130854,54.5201458901,52.6277199604,51.0899128472,48.8258246404,47.2515979519]},"edges":[]}