{"data":{"Year":[2021,2018,2015,2021,2018,2015,2021,2018,2015,2021,2018,2015],"Edades (18 a 70 a\u00f1os)":["Total","Total","Total","18 a 29 a\u00f1os","18 a 29 a\u00f1os","18 a 29 a\u00f1os","30 a 49 a\u00f1os","30 a 49 a\u00f1os","30 a 49 a\u00f1os","50 a 70 a\u00f1os","50 a 70 a\u00f1os","50 a 70 a\u00f1os"],"Value":[67.78282819,68.32160488,68.38713423,63.75568287,60.16180776,60.9481208,142.6559373,74.05741588,74.67575113,90.08586917,68.06014733,66.00838228]},"edges":[]}