{"data":{"Year":[2023,2022,2021,2020,2019,2018,2017,2016,2015,2014,2013,2012],"Value":[0.2134450786,0.2100726968,0.2184223748,0.2314796881,0.2177393575,0.2378393706,0.249545576,0.2992466644,0.3403939578,0.3515284391,0.3229783478,0.3048475263]},"edges":[]}