Year,Value
2021,2.826685037
2019,4.00493470335157
2017,5.41381496250043
2015,4.86276602343629
