Year,Value
2018,16.1851785406774
2016,15.5399627957995
2014,18.1570835148477
2012,21.5405483855706
2010,29.2281957096461
2008,38.40074429844
