Year,Value
2019,7.73647844087804
2018,7.42450756270599
2017,7.250467108295
2016,7.24845022092524
2015,6.67215005524388
2014,6.59253069806696
2013,6.5076036483331
2012,6.60449958368519
