Year,Value
2020,88.6780576805193
2018,86.5805365803783
2016,86.2716993076459
2014,84.946972599741
