Year,Value
2023,0.118985878292329
2022,0.156813029077148
2021,0.12303723909207
2020,0.271342928940371
2019,0.207769420617607
2018,0.147525898394728
2017,0.143871122222467
2016,0.162126867377265
2015,0.181027660026225
