Year,Value
2020,64.3907761241372
2018,64.4241896290716
2016,65.5018680506628
2014,66.9279920810174
