{"data":{"Year":[2019,2014,2019,2014,2019,2014],"hablantes_lengua ind\u00edgena":["Total","Total","Hombres","Hombres","Mujeres","Mujeres"],"Value":[410.7938741225,420.1117371857,451.0508912624,453.5149939466,313.4596938986,318.7367049458]},"edges":[]}