{"data":{"Year":[2021,2020,2019,2018,2017,2016,2015,2014,2013,2012,2011,2010,2009,2008,2007,2006,2005,2004,2003,2002,2001,2000],"Value":[276.5326628393,1371.7463352991,3531.4279828347,840.3719807496,16051.2084616501,4470.0382279122,2363.5021094427,1179.9107858942,2677.3289062259,877.3977789111,1534.7276872529,1743.0557246483,493.5686281168,1349.982297687,2787.3156067799,504.7937655483,771.5902932544,114.7882953956,1125.7039982977,7136.3041214588,167.8937983131,50.1061436535]},"edges":[]}