{"data":{"Year":[2020,2020,2020,2020,2020,2020,2020,2020,2020,2020,2020,2020,2020,2020,2020,2020,2020,2020,2020,2020,2020,2020,2020,2020,2020,2020,2020,2020,2020,2020,2020,2020,2020],"Entidad federativa":["Estados Unidos Mexicanos","Aguascalientes","Baja California","Baja California Sur","Campeche","Coahuila de Zaragoza","Colima","Chiapas","Chihuahua","Ciudad de M\u00e9xico","Durango","Guanajuato","Guerrero","Hidalgo","Jalisco","M\u00e9xico","Michoac\u00e1n de Ocampo","Morelos","Nayarit","Nuevo Le\u00f3n","Oaxaca","Puebla","Quer\u00e9taro","Quintana Roo","San Luis Potos\u00ed","Sinaloa","Sonora","Tabasco","Tamaulipas","Tlaxcala","Veracruz de Ignacio de la Llave","Yucat\u00e1n","Zacatecas"],"GeoCode":["0","1","2","3","4","5","6","7","8","9","10","11","12","13","14","15","16","17","18","19","20","21","22","23","24","25","26","27","28","29","30","31","32"],"Value":[15.1713929976,10.459353893,3.6243026288,6.4038770841,28.0849476067,12.1632400207,29.8991252577,14.8328658423,3.9202573507,6.8277064292,7.7067381282,10.1885652256,26.3754788071,60.7437908047,14.3312753399,12.5961052225,27.2914923664,16.8658787706,17.1315418244,14.5477982872,31.3734463766,18.6359854413,13.4808672884,6.4920357137,15.3266404588,14.6115465817,7.219281996,17.6533512309,12.2457758404,31.6473950201,23.004693779,26.6066202071,17.3885027702]},"edges":[]}