{"data":{"Year":[2022,2021,2020,2019,2018,2017,2016,2015,2014,2013,2012,2011,2010,2009,2008,2007,2006,2005,2004,2003,2002,2001,2000,1999,1998,1997,1996,1995,1994,1993,1992,1991,1990,1989,1988,1987,1986],"Value":[8708435.6300000008,8643581.5199999996,8643581.5199999996,8643581.5199999996,8643581.5199999996,8643581.5199999996,8643581.5199999996,8643581.5199999996,8643581.5199999996,8643581.5199999996,8636259.5800000001,8588171.6300000008,8579802.0800000001,8382070.1600000001,8118862.46,5317878.4299999997,5263912.4500000002,5251233.1900000004,5101458.6399999997,1881789.78,1103975.6499999999,1103975.6499999999,1103975.6499999999,1042268.8199999999,1042268.8199999999,1042268.8199999999,1042268.8199999999,647400.8199999999,60347.82,60347.82,60347.82,60347.82,60347.82,60347.82,60347.82,60347.82,60347.82]},"edges":[]}