{"data":{"Year":[2021,2020,2019,2018,2017,2016,2015,2021,2020,2019,2018,2017,2016,2015,2021,2020,2019,2018,2017,2016,2015],"Sexo":["Total","Total","Total","Total","Total","Total","Total","Hombres","Hombres","Hombres","Hombres","Hombres","Hombres","Hombres","Mujeres","Mujeres","Mujeres","Mujeres","Mujeres","Mujeres","Mujeres"],"Value":[13.63071376,12.9374000511,13.3925144362,12.1833162084,13.8161503641,12.7613967939,11.4869199272,13.88106021,12.9574327532,13.7361273363,12.7305562867,15.036318705,13.028528457,10.910004124,13.33703715,12.9141792155,13.0044865664,11.5745769194,12.3837912972,12.4332006771,12.1977085141]},"edges":[]}