{"data":{"Year":[2021,2020,2019,2018],"Value":[54.84972678,55.76502732,52.29832849,46.54231828]},"edges":[]}