{"data":{"Year":[2018,2014,2018,2014,2018,2014,2018,2014],"\u00faltimo hijo nacido vivo":["Total","Total","15-19 a\u00f1os","15-19 a\u00f1os","20-24 a\u00f1os","20-24 a\u00f1os","25-29 a\u00f1os","25-29 a\u00f1os"],"Value":[42.1255550745,44.9114960216,50.3166084302,51.5020476967,44.9545550496,47.5939487649,37.5176798208,41.1042381453]},"edges":[]}