{"data":{"Year":[2018,2014,2018,2014,2018,2014,2018,2014,2018,2014,2018,2014,2018,2014,2018,2014,2018,2014,2018,2014,2018,2014,2018,2014,2018,2014,2018,2014,2018,2014,2018,2014,2018,2014,2018,2014,2018,2014,2018,2014,2018,2014,2018,2014,2018,2014,2018,2014,2018,2014,2018,2014,2018,2014,2018,2014,2018,2014,2018,2014,2018,2014,2018,2014,2018,2014],"Entidad federativa":["Estados Unidos Mexicanos","Estados Unidos Mexicanos","Aguascalientes","Aguascalientes","Baja California","Baja California","Baja California Sur","Baja California Sur","Campeche","Campeche","Coahuila de Zaragoza","Coahuila de Zaragoza","Colima","Colima","Chiapas","Chiapas","Chihuahua","Chihuahua","Ciudad de M\u00e9xico","Ciudad de M\u00e9xico","Durango","Durango","Guanajuato","Guanajuato","Guerrero","Guerrero","Hidalgo","Hidalgo","Jalisco","Jalisco","M\u00e9xico","M\u00e9xico","Michoac\u00e1n de Ocampo","Michoac\u00e1n de Ocampo","Morelos","Morelos","Nayarit","Nayarit","Nuevo Le\u00f3n","Nuevo Le\u00f3n","Oaxaca","Oaxaca","Puebla","Puebla","Quer\u00e9taro","Quer\u00e9taro","Quintana Roo","Quintana Roo","San Luis Potos\u00ed","San Luis Potos\u00ed","Sinaloa","Sinaloa","Sonora","Sonora","Tabasco","Tabasco","Tamaulipas","Tamaulipas","Tlaxcala","Tlaxcala","Veracruz de Ignacio de la Llave","Veracruz de Ignacio de la Llave","Yucat\u00e1n","Yucat\u00e1n","Zacatecas","Zacatecas"],"GeoCode":["0","0","1","1","2","2","3","3","4","4","5","5","6","6","7","7","8","8","9","9","10","10","11","11","12","12","13","13","14","14","15","15","16","16","17","17","18","18","19","19","20","20","21","21","22","22","23","23","24","24","25","25","26","26","27","27","28","28","29","29","30","30","31","31","32","32"],"Value":[12.237368923,12.4411486237,12.3264292918,10.6748011325,10.61985626,10.8332278881,12.8282184379,14.3868079784,12.7462633722,13.3395277917,14.8028159388,19.7044374454,10.2793166459,11.6971446904,16.0541709561,15.9284223084,15.9172083607,12.9753972986,7.9412820154,10.5312152253,12.9582459015,15.7796014068,11.0467795252,14.2898583211,14.9391625702,16.1944074266,11.0169131936,13.4242932769,13.8357219228,10.5343014204,10.5148119412,11.5360332289,16.5132817402,14.979246665,11.1553357564,15.6644604046,13.0365412305,19.4452205149,9.3341326773,10.6906454498,13.2803536275,13.9218762525,12.7720699976,10.8727520841,9.4696534958,8.5880836276,7.4886458227,10.5578334053,11.0460349069,9.764104957,11.3657634288,12.1302385735,10.4762541707,11.1560367631,14.7874705024,11.2677733348,9.4281327717,12.7607751774,14.0803303886,12.5160084455,15.8143749373,10.3825551577,10.5780441408,10.5395113661,15.2405342227,13.2508436445]},"edges":[]}