{"data":{"Year":[2018,2014,2018,2014,2018,2014,2018,2014],"Grupo de edad":["Antes de los 15 a\u00f1os","Antes de los 15 a\u00f1os","Antes de los 18 a\u00f1os","Antes de los 18 a\u00f1os","Hablantes de lengua ind\u00edgena antes de los 15 a\u00f1os","Hablantes de lengua ind\u00edgena antes de los 15 a\u00f1os","Hablantes de lengua ind\u00edgena antes de los 18 a\u00f1os","Hablantes de lengua ind\u00edgena antes de los 18 a\u00f1os"],"Value":[3.630203511,3.7199055309,20.7010395165,21.3730063134,null,9.8660180112,30.2516595581,35.3670728635]},"edges":[]}