{"data":{"Year":[2021,2018,2015,2021,2018,2015,2021,2018,2015],"Sexo":["Total","Total","Total","Hombres","Hombres","Hombres","Mujeres","Mujeres","Mujeres"],"Value":[67.78282819,68.32160488,68.38713423,74.34048723,71.82808855,71.66579259,61.94846184,65.1531745,65.42776564]},"edges":[]}