Year,Value
2019,55.952958065501
2018,55.7556431080845
2017,55.2561649650509
2016,55.2570887977515
2015,55.4156466919285
2014,54.7665213288227
2013,51.8616278710576
2012,53.1015404760427
