Year,Value
2020,351.867038738683
2019,354.280809524213
2018,342.931361861731
2017 E/,316.593938933869
2016,317.995289386635
2015,283.306053888472
2014,261.5845646235
2013,252.718535005646
2012,248.552521072477
