Year,Value
2018,92.85576
2016,
2014,
2012,
2010,90.65086
