Year,Value
2021/2022,16.2052510202965
2020/2021,15.6527324325085
2019/2020,15.2319802722791
2018/2019,16.2645308360439
2017/2018,15.8685280185652
2016/2017,15.3633413595351
