Year,Value
2021,54.84972678
2020,55.76502732
2019,52.29832849
2018,46.54231828
