Year,Value
2018,28.06837
2016,
2014,
2012,
2010,43.1346377662477
