Year,Value
2021,4.35405587510771
2020,-8.22319193136981
2019,-0.78661152526031
2018,1.36646860360467
2017,2.14652211354115
2016,3.95084105704313
2015,1.80331278228654
