Year,Value
2022,-5.277435196
2021,0.822930208
2020,-2.494909573
2019,-1.481376372
2018,0.437037485
