Year,Value
2020,63.2151686102071
2019,62.4690767290368
2018,59.5758130854272
2017,54.5201458901256
2016,52.6277199604023
2015,51.0899128471669
2014,48.8258246404229
2013,47.2515979518914
