Year,Value
2021,0.087983422
2020,0.175858848
2019,0.091302817
2018,0.246291848
2017,2.46001886
2016,6.110198968
2015,0.231132849
