Year,Value
2018,16.96275
2016,
2014,
2012,
2010,17.4857585116137
