Year,Value
2021,44.2843697131082
2020,44.8642848530115
2019,47.3426854224429
2018,47.0719285578051
