{"Year":[2020,2018,2016,2014,2012,2010,2008,2006,2005,2004,2002,2000,1998,1996,1994,1992,2020,2018,2016,2014,2012,2010,2008,2006,2005,2004,2002,2000,1998,1996,1994,1992,2020,2018,2016,2014,2012,2010,2008,2006,2005,2004,2002,2000,1998,1996,1994,1992],"\u00c1mbito":["Total","Total","Total","Total","Total","Total","Total","Total","Total","Total","Total","Total","Total","Total","Total","Total","Urbano","Urbano","Urbano","Urbano","Urbano","Urbano","Urbano","Urbano","Urbano","Urbano","Urbano","Urbano","Urbano","Urbano","Urbano","Urbano","Rural","Rural","Rural","Rural","Rural","Rural","Rural","Rural","Rural","Rural","Rural","Rural","Rural","Rural","Rural","Rural"],"Value":[5.8607142338,5.6945967437,5.8018210283,6.4499281739,6.5437330986,7.9363254854,7.8851753901,6.6367799834,9.3647061939,8.5263366185,8.6142715552,12.5789102225,17.5332771796,18.2900127881,12.4881183721,10.5817702294,2.4622604792,1.6359273996,1.6620027067,1.5709720007,1.6049746978,2.232538134,1.9456739272,1.2970536264,1.764871982,2.4258345472,1.543179968,2.1423022897,4.7351875541,6.5283526662,2.4923951729,2.7607798576,11.5084882322,11.9991992802,12.68256647,14.5501367464,14.7485220927,17.4290376849,17.7697330455,15.514205721,22.2462356585,18.7028388621,20.0647714073,28.9406671657,37.4513170236,36.5675010816,27.5348791909,22.398862829]}