{"Year":[2014,2012,2010,2008,2014,2012,2010,2008,2014,2012,2010,2008,2014,2012,2010,2008,2014,2012,2010,2008,2014,2012,2010,2008,2014,2012,2010,2008,2014,2012,2010,2008,2014,2012,2010,2008],"Poblaci\u00f3n debajo de umbral de pobreza":["Nacional","Nacional","Nacional","Nacional","Hombres","Hombres","Hombres","Hombres","Mujeres","Mujeres","Mujeres","Mujeres","Menor de 18 a\u00f1os","Menor de 18 a\u00f1os","Menor de 18 a\u00f1os","Menor de 18 a\u00f1os","18 a\u00f1os o m\u00e1s","18 a\u00f1os o m\u00e1s","18 a\u00f1os o m\u00e1s","18 a\u00f1os o m\u00e1s","Entre 12 y 29 a\u00f1os de edad","Entre 12 y 29 a\u00f1os de edad","Entre 12 y 29 a\u00f1os de edad","Entre 12 y 29 a\u00f1os de edad","De 0 a 11 a\u00f1os y de 30 a\u00f1os o m\u00e1s","De 0 a 11 a\u00f1os y de 30 a\u00f1os o m\u00e1s","De 0 a 11 a\u00f1os y de 30 a\u00f1os o m\u00e1s","De 0 a 11 a\u00f1os y de 30 a\u00f1os o m\u00e1s","De 65 a\u00f1os o m\u00e1s","De 65 a\u00f1os o m\u00e1s","De 65 a\u00f1os o m\u00e1s","De 65 a\u00f1os o m\u00e1s","Menor de 65 a\u00f1os","Menor de 65 a\u00f1os","Menor de 65 a\u00f1os","Menor de 65 a\u00f1os"],"Value":[53.2382785405,51.6413926155,51.9979177797,49.0168798527,52.6309393766,50.8238942916,51.6500666025,48.4176039447,53.8143752075,52.4188121833,52.3285852245,49.5792357688,62.3822317666,61.2511311526,61.0021910816,58.1170361362,48.7016010875,46.7881506043,47.0860541175,43.7389032969,53.2779508916,50.2152478242,50.9846873848,47.6311613324,53.2205417228,52.299932978,52.4707266219,49.687833049,53.5919326357,51.7531470266,51.2323438221,49.1587283966,53.20935493,51.6325086778,52.053773733,49.0070329721]}