{"Year":[2020,2018,2016,2020,2018,2016,2020,2018,2016,2020,2018,2016,2020,2018,2016,2020,2018,2016,2020,2018,2016,2020,2018,2016,2020,2018,2016],"Sexo":["Total","Total","Total","Hombres","Hombres","Hombres","Mujeres","Mujeres","Mujeres",null,null,null,null,null,null,null,null,null,null,null,null,null,null,null,null,null,null],"Grupo de edad":[null,null,null,null,null,null,null,null,null,"Menores de 18 a\u00f1os","Menores de 18 a\u00f1os","Menores de 18 a\u00f1os","De 18 a\u00f1os o m\u00e1s","De 18 a\u00f1os o m\u00e1s","De 18 a\u00f1os o m\u00e1s","Entre 12 y 29 a\u00f1os de edad","Entre 12 y 29 a\u00f1os de edad","Entre 12 y 29 a\u00f1os de edad","De 0 a 11 a\u00f1os y de 30 a\u00f1os o m\u00e1s","De 0 a 11 a\u00f1os y de 30 a\u00f1os o m\u00e1s","De 0 a 11 a\u00f1os y de 30 a\u00f1os o m\u00e1s","De 65 a\u00f1os o m\u00e1s","De 65 a\u00f1os o m\u00e1s","De 65 a\u00f1os o m\u00e1s","Menores de 65 a\u00f1os","Menores de 65 a\u00f1os","Menores de 65 a\u00f1os"],"Value":[43.9113547784,41.9059105108,43.2314482601,43.4094561126,41.1639719563,42.5666434477,44.381081686,42.6060943348,43.8548048946,52.599432957,50.2691833057,51.3104378618,40.3231997518,38.0697985318,39.2647960801,46.0557502779,42.3425589736,43.8745631182,42.9875679126,41.7137573702,42.9477034632,37.8736610153,43.1732236559,42.4820198861,44.536136485,41.7908031652,43.2950407184]}