{"Year":[2020,2018,2016,2020,2018,2016,2020,2018,2016,2020,2018,2016,2020,2018,2016,2020,2018,2016,2020,2018,2016,2020,2018,2016,2020,2018,2016],"Sexo":["Total","Total","Total","Hombres","Hombres","Hombres","Mujeres","Mujeres","Mujeres",null,null,null,null,null,null,null,null,null,null,null,null,null,null,null,null,null,null],"Grupo de edad":[null,null,null,null,null,null,null,null,null,"Menores de 18 a\u00f1os","Menores de 18 a\u00f1os","Menores de 18 a\u00f1os","De 18 a\u00f1os o m\u00e1s","De 18 a\u00f1os o m\u00e1s","De 18 a\u00f1os o m\u00e1s","Entre 12 y 29 a\u00f1os de edad","Entre 12 y 29 a\u00f1os de edad","Entre 12 y 29 a\u00f1os de edad","De 0 a 11 a\u00f1os y de 30 a\u00f1os o m\u00e1s","De 0 a 11 a\u00f1os y de 30 a\u00f1os o m\u00e1s","De 0 a 11 a\u00f1os y de 30 a\u00f1os o m\u00e1s","De 65 a\u00f1os o m\u00e1s","De 65 a\u00f1os o m\u00e1s","De 65 a\u00f1os o m\u00e1s","Menores de 65 a\u00f1os","Menores de 65 a\u00f1os","Menores de 65 a\u00f1os"],"Value":[52.7734610104,49.8843391449,50.7833219263,51.8905718231,49.0225808705,49.9586861203,53.5997569063,50.6975994889,51.5565446695,62.6336833689,59.6354530697,60.0739634874,48.701213306,45.4116445608,46.2217683882,53.8839855397,49.4660142437,50.8793072466,52.2950567354,50.0684287512,50.7409728267,46.0609714183,49.8599094474,48.6237613535,53.4680707186,49.8865580422,50.9665706135]}