{"Year":[2022,2021,2020,2019,2018,2017,2016,2015,2014,2013,2012,2011,2010,2009,2008,2007,2006,2005,2004,2003,2002,2001,2000,1999,1998,1997,1996,1995,1994,1993,1992,1991,1990],"Value":[22.05091,22.05091,22.05091,22.05091,22.05091,22.05091,17.35452,1.34438,1.34438,1.34438,1.34438,1.33381,1.33381,1.33381,1.23155,1.23155,1.09309,1.09309,0.93104,0.93104,0.93104,0.9215,0.9215,0.71515,0.65738,0.64055,0.64055,0.52968,0.51816,0.32948,0.16198,0.14118,0.14118]}