{"Year":[2022,2021,2020,2019,2018,2017,2016,2015,2014,2013,2012,2011,2010,2009,2008,2007,2006,2005,2004,2003,2002,2001,2000,1999],"Value":[13.1286074668,13.1286074668,13.068412602,13.0680399373,13.1938020816,13.195278679,13.195278679,12.4275342089,13.2897702944,13.2897702944,13.371224302,13.371224302,13.371224302,13.371224302,12.974495319,12.974495319,16.9642504705,16.9642504705,16.9642504705,16.9642504705,16.9642504705,16.9642504705,16.9642504705,16.9642504705]}