{"Year":[2021,2020,2019,2018,2017,2016,2015,2021,2020,2019,2018,2017,2016,2015,2021,2020,2019,2018,2017,2016,2015],"Sexo":["Total","Total","Total","Total","Total","Total","Total","Hombres","Hombres","Hombres","Hombres","Hombres","Hombres","Hombres","Mujeres","Mujeres","Mujeres","Mujeres","Mujeres","Mujeres","Mujeres"],"Value":[12.60358638,12.27741182,12.5176536622,11.9267503783,13.3957299144,12.6138678004,11.411125005,13.7855963,12.92252336,13.736480471,12.8454128853,14.9757021892,12.9693920912,10.830918857,11.54637453,11.69537341,11.4036892191,11.0184204342,11.737105437,12.2197078459,12.0711459683]}