{"Year":[2021,2020,2019,2018,2017,2016,2015,2021,2020,2019,2018,2017,2016,2015,2021,2020,2019,2018,2017,2016,2015],"Sexo":["Total","Total","Total","Total","Total","Total","Total","Hombres","Hombres","Hombres","Hombres","Hombres","Hombres","Hombres","Mujeres","Mujeres","Mujeres","Mujeres","Mujeres","Mujeres","Mujeres"],"Value":[14.20909779,15.7245285982,16.2524167617,15.3971876276,13.6398146735,13.5892371821,14.8037414114,13.85408495,15.9776203169,16.8841755384,15.5219045713,13.8426707176,13.7283036818,13.6986590518,14.41168416,15.5724567944,15.8572627728,15.3088194782,13.4977629971,13.4931231475,15.6478215932]}