{"Year":[2020,2019,2018,2017,2016,2015,2014,2013,2012,2011,2010,2009,2008,2007,2006,2005,2004,2003,2002,2001,2000,1999,1998,1997,1996,1995,1994,1993,1992,1991,1990],"Value":[0.35335,0.35989,0.34661,0.33738,0.33664,0.32887,0.32421,0.31844,0.31086,0.30531,0.3011,0.29839,0.29596,0.29331,0.29022,0.28596,0.28046,0.27328,0.26565,0.25751,0.2483,0.23806,0.2268,0.21407,0.20031,0.18619,0.17344,0.16098,0.14873,0.13616,0.12765]}