{"Year":[2019,2014,2019,2014,2019,2014],"Hablantes de lengua ind\u00edgena":["Total (15 a\u00f1os y m\u00e1s)","Total (15 a\u00f1os y m\u00e1s)","Mujeres (15 a\u00f1os y m\u00e1s)","Mujeres (15 a\u00f1os y m\u00e1s)","Hombres (15 a\u00f1os y m\u00e1s)","Hombres (15 a\u00f1os y m\u00e1s)"],"Value":[21.354833744,21.0523119599,30.605184615,31.6757978797,9.8673680313,8.1225532376]}