{"Year":[2020,2018,2020,2018,2020,2018,2020,2018,2020,2018,2020,2018,2020,2018,2020,2018,2020,2018,2020,2018,2020,2018,2020,2018,2020,2018,2020,2018,2020,2018,2020,2018,2020,2018,2020,2018,2020,2018,2020,2018,2020,2018,2020,2018,2020,2018,2020,2018,2020,2018,2020,2018,2020,2018,2020,2018,2020,2018,2020,2018,2020,2018,2020,2018,2020,2018],"Entidad federativa":["Estados Unidos Mexicanos","Estados Unidos Mexicanos","Aguascalientes","Aguascalientes","Baja California","Baja California","Baja California Sur","Baja California Sur","Campeche","Campeche","Coahuila de Zaragoza","Coahuila de Zaragoza","Colima","Colima","Chiapas","Chiapas","Chihuahua","Chihuahua","Ciudad de M\u00e9xico","Ciudad de M\u00e9xico","Durango","Durango","Guanajuato","Guanajuato","Guerrero","Guerrero","Hidalgo","Hidalgo","Jalisco","Jalisco","M\u00e9xico","M\u00e9xico","Michoac\u00e1n de Ocampo","Michoac\u00e1n de Ocampo","Morelos","Morelos","Nayarit","Nayarit","Nuevo Le\u00f3n","Nuevo Le\u00f3n","Oaxaca","Oaxaca","Puebla","Puebla","Quer\u00e9taro","Quer\u00e9taro","Quintana Roo","Quintana Roo","San Luis Potos\u00ed","San Luis Potos\u00ed","Sinaloa","Sinaloa","Sonora","Sonora","Tabasco","Tabasco","Tamaulipas","Tamaulipas","Tlaxcala","Tlaxcala","Veracruz de Ignacio de la Llave","Veracruz de Ignacio de la Llave","Yucat\u00e1n","Yucat\u00e1n","Zacatecas","Zacatecas"],"GeoCode":["0","0","1","1","2","2","3","3","4","4","5","5","6","6","7","7","8","8","9","9","10","10","11","11","12","12","13","13","14","14","15","15","16","16","17","17","18","18","19","19","20","20","21","21","22","22","23","23","24","24","25","25","26","26","27","27","28","28","29","29","30","30","31","31","32","32"],"Value":[47.4642108939,45.0115493959,53.2710280374,52.2935779817,51.8987341772,43.8356164384,48.275862069,48.275862069,45.8015267176,46.511627907,52.2504892368,50.7936507937,45.6140350877,43.8596491228,57.2832886506,57.0297029703,50.0,48.463356974,48.8636363636,25.0,58.5185185185,45.297029703,47.3786407767,47.0930232558,45.1612903226,44.7704081633,52.3047977422,45.7407407407,48.0325644505,46.4760638298,50.9351620948,44.7538860104,48.4472049689,48.7671232877,34.008097166,37.9591836735,43.4599156118,43.8818565401,51.0416666667,50.3448275862,35.3351607276,29.1478696742,52.5491949911,51.2356575463,57.4257425743,57.7114427861,51.0791366906,50.3597122302,51.4734774067,50.884086444,49.7354497354,47.263681592,47.7588871716,47.9813664596,53.7444933921,54.0540540541,52.3622047244,52.5252525253,39.3939393939,38.7234042553,47.5783475783,46.8146718147,46.8888888889,49.684741488,51.7345399698,51.7397881997]}