{"Year":[2020,2018,2016,2014],"Value":[64.3907761241,64.4241896291,65.5018680507,66.927992081]}