{"Year":[2020,2018,2016,2014],"Value":[88.6780576805,86.5805365804,86.2716993076,84.9469725997]}