Year,Value
2020,12.9578305808546
2019,13.8865685318974
2018,13.9797813587113
2017,14.3340511756486
2016,14.1039493864664
2015,14.0527926543903
2014,14.8091412308674
2013,14.9202378600865
