{"Year":[2022,2021,2020,2019,2018,2017,2016,2015,2014],"Value":[4.4092127854,-1.8710423493,-1.0689483755,-2.8975408028,0.1833455052,1.6208327775,4.6884994507,0.1261676048,6.5882554231]}