{"Year":[2020,2019,2018,2017,2016,2015,2014,2013,2012,2011,2010,2009,2008,2007,2006,2005,2004,2003,2002,2001,2000,1999,1998,1997,1996,1995,2020,2019,2018,2017,2016,2015,2014,2013,2012,2011,2010,2009,2008,2007,2006,2005,2004,2003,2002,2001,2000,1999,1998,1997,1996,1995,2020,2019,2018,2017,2016,2015,2014,2013,2012,2011,2010,2009,2008,2007,2006,2005,2004,2003,2002,2001,2000,1999,1998,1997,1996,1995],"Sexo":["Total","Total","Total","Total","Total","Total","Total","Total","Total","Total","Total","Total","Total","Total","Total","Total","Total","Total","Total","Total","Total","Total","Total","Total","Total","Total","Hombres","Hombres","Hombres","Hombres","Hombres","Hombres","Hombres","Hombres","Hombres","Hombres","Hombres","Hombres","Hombres","Hombres","Hombres","Hombres","Hombres","Hombres","Hombres","Hombres","Hombres","Hombres","Hombres","Hombres","Hombres","Hombres","Mujeres","Mujeres","Mujeres","Mujeres","Mujeres","Mujeres","Mujeres","Mujeres","Mujeres","Mujeres","Mujeres","Mujeres","Mujeres","Mujeres","Mujeres","Mujeres","Mujeres","Mujeres","Mujeres","Mujeres","Mujeres","Mujeres","Mujeres","Mujeres","Mujeres","Mujeres"],"Value":[49.9239101151,52.1409731572,52.0626213,52.1772708774,52.534144491,52.9783840328,52.713551121,53.811723494,54.6564933664,54.5125896307,54.4998996216,54.4848924635,52.9858582393,52.6843425476,52.9688114211,53.9369710786,53.7353709203,53.6714686245,52.7040628599,51.5946960492,51.3364613917,52.5900600213,52.9222179146,54.2134863278,53.6822662456,53.2375000248,47.8380930644,48.8240224461,49.1063296037,49.3286741088,49.4043829533,49.6514123707,49.4170272045,50.506367295,51.3244682798,51.3934220506,51.4182560293,51.499783681,49.9722872768,49.6777660462,50.1378214954,51.0978400295,51.8450532148,52.0216443097,51.2511356145,50.0770819837,49.9136888012,50.8635074405,51.2046970425,51.7524654732,52.9974153,51.8352374389,52.7145326484,56.5426154119,56.0975819469,56.1003356693,56.8067831372,57.5356453684,57.2407864276,58.2832381675,59.197623796,58.8470516563,58.783242335,58.62068567,57.2576239212,56.9286175239,56.9914182073,58.056019576,56.5991540484,56.2283617406,54.9640158173,53.9672866441,53.5721610272,55.3679404158,55.6888678982,58.120757225,54.8161843042,55.5290116299]}