{"Year":[2021,2020,2019,2018,2017,2016,2015,2014,2013,2012,2011,2010],"Value":[952135750.3799999952,900763162.2000000477,981621387.3714599609,1001778849.3368599415,982358861.4923410416,955445995.8780720234,934781032.4785319567,914045411.7499320507,903395824.5905770063,893825923.4515630007,877490325.0206129551,848014945.2165269852]}