{"Year":[2021,2020,2019,2018,2017,2016,2015,2014,2013,2012,2011,2010,2009,2008,2007,2006,2005,2004,2003],"Value":[64.2242779653,64.1831809459,64.8243182194,65.5179333298,65.0609543668,65.3049046209,65.8401911389,64.2292600956,64.2289620466,65.9510365334,63.3946016083,64.2385502894,61.8957313374,67.2448995274,66.9064756097,68.2894719111,63.3981837563,65.2327442541,62.9983161281]}