{"data":{"Year":[2014,2012,2010,2008,2014,2012,2010,2008,2014,2012,2010,2008,2014,2012,2010,2008,2014,2012,2010,2008,2014,2012,2010,2008,2014,2012,2010,2008,2014,2012,2010,2008,2014,2012,2010,2008],"Sexo":["Total","Total","Total","Total","Hombres","Hombres","Hombres","Hombres","Mujeres","Mujeres","Mujeres","Mujeres",null,null,null,null,null,null,null,null,null,null,null,null,null,null,null,null,null,null,null,null,null,null,null,null],"Grupo de edad":[null,null,null,null,null,null,null,null,null,null,null,null,"Menores de 18 a\u00f1os","Menores de 18 a\u00f1os","Menores de 18 a\u00f1os","Menores de 18 a\u00f1os","De 18 a\u00f1os o m\u00e1s","De 18 a\u00f1os o m\u00e1s","De 18 a\u00f1os o m\u00e1s","De 18 a\u00f1os o m\u00e1s","Entre 12 y 29 a\u00f1os de edad","Entre 12 y 29 a\u00f1os de edad","Entre 12 y 29 a\u00f1os de edad","Entre 12 y 29 a\u00f1os de edad","De 0 a 11 a\u00f1os y de 30 a\u00f1os o m\u00e1s","De 0 a 11 a\u00f1os y de 30 a\u00f1os o m\u00e1s","De 0 a 11 a\u00f1os y de 30 a\u00f1os o m\u00e1s","De 0 a 11 a\u00f1os y de 30 a\u00f1os o m\u00e1s","De 65 a\u00f1os o m\u00e1s","De 65 a\u00f1os o m\u00e1s","De 65 a\u00f1os o m\u00e1s","De 65 a\u00f1os o m\u00e1s","Menores de 65 a\u00f1os","Menores de 65 a\u00f1os","Menores de 65 a\u00f1os","Menores de 65 a\u00f1os"],"Value":[46.1675384208,45.4792025356,46.1090930794,44.3580844763,45.9808970817,45.0647141145,45.9961652664,44.0488778057,46.3445786313,45.8733702052,46.216442296,44.6482416447,53.8678631056,53.7802489716,53.7322061041,53.2932348554,42.3471022797,41.2868941659,41.9506573452,39.1758092765,47.1394087959,44.9273722435,46.042368729,43.0176530257,45.7330320922,45.7340171399,46.1402290017,45.0071100563,45.9062405483,45.8179039517,45.6977550982,44.8670640082,46.1889086749,45.4522774038,46.1391041251,44.3227519976]},"edges":[]}