{"data":{"Year":[2020,2018,2016,2020,2018,2016,2020,2018,2016,2020,2018,2016,2020,2018,2016,2020,2018,2016,2020,2018,2016,2020,2018,2016,2020,2018,2016,2020,2018,2016,2020,2018,2016],"Personas debajo del 50% de mediana de ingresos":["Nacional","Nacional","Nacional","Poblaci\u00f3n rural","Poblaci\u00f3n rural","Poblaci\u00f3n rural","Poblaci\u00f3n urbana","Poblaci\u00f3n urbana","Poblaci\u00f3n urbana","Hombres","Hombres","Hombres","Mujeres","Mujeres","Mujeres","Ni\u00f1as, ni\u00f1os y adolescentes (0 a 17 a\u00f1os)","Ni\u00f1as, ni\u00f1os y adolescentes (0 a 17 a\u00f1os)","Ni\u00f1as, ni\u00f1os y adolescentes (0 a 17 a\u00f1os)","J\u00f3venes (18 a 29 a\u00f1os)","J\u00f3venes (18 a 29 a\u00f1os)","J\u00f3venes (18 a 29 a\u00f1os)","Personas adultas (30 a 64 a\u00f1os)","Personas adultas (30 a 64 a\u00f1os)","Personas adultas (30 a 64 a\u00f1os)","Personas adultas mayores (65 a\u00f1os o m\u00e1s)","Personas adultas mayores (65 a\u00f1os o m\u00e1s)","Personas adultas mayores (65 a\u00f1os o m\u00e1s)","Personas con discapacidad","Personas con discapacidad","Personas con discapacidad","Personas ind\u00edgenas","Personas ind\u00edgenas","Personas ind\u00edgenas"],"Value":[17.224953409,16.8981196081,17.3654464138,33.0047620785,37.0421070682,39.2606281868,12.4910657575,10.398481262,10.8110590883,16.8629802214,16.66015895,17.0741140671,17.5637240765,17.1226883444,17.6386152413,22.6464894813,22.0973802875,22.3006840384,15.2097695919,13.7620856887,14.3217939801,15.1679528087,13.9797669745,14.6671656082,13.707063411,18.8816634424,17.871596077,18.659091535,null,null,43.8351312091,43.138480504,44.8704956796]},"edges":[]}