{"data":{"Year":[2020,2020,2020,2020,2020,2020,2020,2020,2020,2020,2020,2020,2020,2020,2020,2020,2020,2020,2020,2020,2020,2020,2020,2020,2020,2020,2020,2020,2020,2020,2020,2020,2020],"Entidad federativa":["Estados Unidos Mexicanos","Aguascalientes","Baja California","Baja California Sur","Campeche","Coahuila de Zaragoza","Colima","Chiapas","Chihuahua","Ciudad de M\u00e9xico","Durango","Guanajuato","Guerrero","Hidalgo","Jalisco","M\u00e9xico","Michoac\u00e1n de Ocampo","Morelos","Nayarit","Nuevo Le\u00f3n","Oaxaca","Puebla","Quer\u00e9taro","Quintana Roo","San Luis Potos\u00ed","Sinaloa","Sonora","Tabasco","Tamaulipas","Tlaxcala","Veracruz de Ignacio de la Llave","Yucat\u00e1n","Zacatecas"],"GeoCode":["0","1","2","3","4","5","6","7","8","9","10","11","12","13","14","15","16","17","18","19","20","21","22","23","24","25","26","27","28","29","30","31","32"],"Value":[6.3096077642,7.0173497467,3.8974341831,3.5422628548,8.3298560545,5.1945765069,15.2829797992,4.1596540884,6.0561441864,10.8024278139,4.6776364127,4.7321827527,8.2952558558,8.0696581844,9.1422062614,6.9935787703,8.7980717582,7.0331359257,7.6567297082,7.0510115737,3.8881619288,4.8753773178,5.005431447,6.940850253,3.9359983774,6.0620888653,4.0749893667,8.5985768412,5.1123928298,6.1471203082,6.8215180187,6.6475027948,4.5460616578]},"edges":[]}