{"data":{"Year":[2022,2021,2020,2019,2018,2017,2016,2015,2014,2013,2012,2011,2010,2009,2008,2007,2006,2005,2004,2003,2002,2001,2000,1999,1998,1997,1996,1995,1994,1993,1992,1991,1990],"Value":[10.9436898759,10.9365627591,10.8799745619,10.8799745619,10.8799745619,10.8799745619,10.7698026853,10.5622978352,10.5576518995,10.5576518995,10.5576518995,10.5540615768,10.5540615768,10.4859206211,10.0129813707,9.9853398511,9.7295415743,9.7295415743,9.3591708966,9.3591708966,9.355923874,9.3505787591,9.3505787591,9.1100806363,8.9974130652,8.6611591168,8.4658972905,8.407227001,8.263160084,7.5542336672,6.9765202774,6.7811622272,6.7780877633]},"edges":[]}