{"data":{"Year":[2020,2019,2018,2017,2016,2015,2020,2019,2018,2017,2016,2015,2020,2019,2018,2017,2016,2015],"Sexo":["Total","Total","Total","Total","Total","Total","Hombres","Hombres","Hombres","Hombres","Hombres","Hombres","Mujeres","Mujeres","Mujeres","Mujeres","Mujeres","Mujeres"],"Value":[1.193573019,1.4109272379,0.9032746026,0.9137855383,0.7008775695,0.563364424,0.156404462,0.3153403519,0.1901432495,0.1464692107,0.1652710249,0.1588905143,2.094686992,2.35953394,1.534987622,1.5863583503,1.1736220228,0.9179264272]},"edges":[]}