{"data":{"Year":[2021,2019,2017,2015],"Value":[2.826685037,4.0049347034,5.4138149625,4.8627660234]},"edges":[]}