{"data":{"Year":[2020,2019,2018,2017,2016,2015,2014],"Value":[101.8120364203,103.380136118,109.4356507231,110.0399136591,116.1859639549,108.0029353206,103.3860594975]},"edges":[]}