{"data":{"Year":[2023,2022,2021,2020,2019,2018,2017,2016,2015],"Value":[0.1189858783,0.1568130291,0.1230372391,0.2713429289,0.2077694206,0.1475258984,0.1438711222,0.1621268674,0.18102766]},"edges":[]}