{"data":{"Year":[2018,2016,2014,2012,2010,2008,2018,2016,2014,2012,2010,2008,2018,2016,2014,2012,2010,2008,2018,2016,2014,2012,2010,2008,2018,2016,2014,2012,2010,2008,2018,2016,2014,2012,2010,2008,2018,2016,2014,2012,2010,2008,2018,2016,2014,2012,2010,2008,2018,2016,2014,2012,2010,2008],"Sexo":["Total","Total","Total","Total","Total","Total","Hombres","Hombres","Hombres","Hombres","Hombres","Hombres","Mujeres","Mujeres","Mujeres","Mujeres","Mujeres","Mujeres",null,null,null,null,null,null,null,null,null,null,null,null,null,null,null,null,null,null,null,null,null,null,null,null,null,null,null,null,null,null,null,null,null,null,null,null],"Grupo de edad":[null,null,null,null,null,null,null,null,null,null,null,null,null,null,null,null,null,null,"Menores de 18 a\u00f1os","Menores de 18 a\u00f1os","Menores de 18 a\u00f1os","Menores de 18 a\u00f1os","Menores de 18 a\u00f1os","Menores de 18 a\u00f1os","De 18 a\u00f1os o m\u00e1s","De 18 a\u00f1os o m\u00e1s","De 18 a\u00f1os o m\u00e1s","De 18 a\u00f1os o m\u00e1s","De 18 a\u00f1os o m\u00e1s","De 18 a\u00f1os o m\u00e1s","Entre 12 y 29 a\u00f1os de edad","Entre 12 y 29 a\u00f1os de edad","Entre 12 y 29 a\u00f1os de edad","Entre 12 y 29 a\u00f1os de edad","Entre 12 y 29 a\u00f1os de edad","Entre 12 y 29 a\u00f1os de edad","De 0 a 11 a\u00f1os y de 30 a\u00f1os o m\u00e1s","De 0 a 11 a\u00f1os y de 30 a\u00f1os o m\u00e1s","De 0 a 11 a\u00f1os y de 30 a\u00f1os o m\u00e1s","De 0 a 11 a\u00f1os y de 30 a\u00f1os o m\u00e1s","De 0 a 11 a\u00f1os y de 30 a\u00f1os o m\u00e1s","De 0 a 11 a\u00f1os y de 30 a\u00f1os o m\u00e1s","De 65 a\u00f1os o m\u00e1s","De 65 a\u00f1os o m\u00e1s","De 65 a\u00f1os o m\u00e1s","De 65 a\u00f1os o m\u00e1s","De 65 a\u00f1os o m\u00e1s","De 65 a\u00f1os o m\u00e1s","Menores de 65 a\u00f1os","Menores de 65 a\u00f1os","Menores de 65 a\u00f1os","Menores de 65 a\u00f1os","Menores de 65 a\u00f1os","Menores de 65 a\u00f1os"],"Value":[20.4118067243,20.054446347,23.3507375499,23.3169486569,24.8296966229,21.7433435351,20.483926269,19.9627746728,23.3843004172,23.2322324315,25.0466837057,21.8431993024,20.3437364661,20.140410901,23.3189012102,23.397511576,24.6234286298,21.6496396489,23.8971740225,23.2563128481,27.5672789999,28.1579375429,29.4396635558,25.6921074868,18.8105513492,18.4795317141,21.2587442891,20.8720860264,22.3149429829,19.4531099488,21.0057185351,20.5614967963,24.6498461633,24.0917887339,25.2696841436,22.0562373548,20.1504532923,19.8307743178,22.7699287008,22.9591564689,24.6243830128,21.591842992,18.2085420615,17.3501676987,19.976631144,19.9176922148,21.4300791475,19.3043429752,20.6118589298,20.283781912,23.6266889407,23.5871731777,25.0777312814,21.9126547354]},"edges":[]}