{"data":{"Year":[2018,2016,2014,2012,2010,2008],"Value":[16.1851785407,15.5399627958,18.1570835148,21.5405483856,29.2281957096,38.4007442984]},"edges":[]}