{"data":{"Year":[2018,2016,2014,2012,2010],"Value":[92.85576,null,null,null,90.65086]},"edges":[]}