{"data":{"Year":[2019,2017,2015,2019,2017,2015,2019,2017,2015,2019,2017,2015],"Edad brecha":["Total (5 a 11 a\u00f1os)","Total (5 a 11 a\u00f1os)","Total (5 a 11 a\u00f1os)","De 5 a 7 a\u00f1os","De 5 a 7 a\u00f1os","De 5 a 7 a\u00f1os","De 8 a 9 a\u00f1os","De 8 a 9 a\u00f1os","De 8 a 9 a\u00f1os","De 10 a 11 a\u00f1os","De 10 a 11 a\u00f1os","De 10 a 11 a\u00f1os"],"Value":[0.391620491,0.472251572,0.439982476,-0.045512805,0.029965582,0.028284063,0.136955467,0.389717508,0.131126178,0.929351061,0.866201484,0.977603911]},"edges":[]}