{"data":{"Year":[2021,2016,2021,2016,2021,2016,2021,2016,2021,2016,2021,2016,2021,2016,2021,2016,2021,2016,2021,2016,2021,2016,2021,2016,2021,2016,2021,2016,2021,2016,2021,2016,2021,2016,2021,2016,2021,2016,2021,2016,2021,2016,2021,2016,2021,2016,2021,2016,2021,2016,2021,2016,2021,2016,2021,2016,2021,2016,2021,2016,2021,2016,2021,2016,2021,2016],"Entidad federativa":["Estados Unidos Mexicanos","Estados Unidos Mexicanos","Aguascalientes","Aguascalientes","Baja California","Baja California","Baja California Sur","Baja California Sur","Campeche","Campeche","Coahuila de Zaragoza","Coahuila de Zaragoza","Colima","Colima","Chiapas","Chiapas","Chihuahua","Chihuahua","Ciudad de M\u00e9xico","Ciudad de M\u00e9xico","Durango","Durango","Guanajuato","Guanajuato","Guerrero","Guerrero","Hidalgo","Hidalgo","Jalisco","Jalisco","M\u00e9xico","M\u00e9xico","Michoac\u00e1n de Ocampo","Michoac\u00e1n de Ocampo","Morelos","Morelos","Nayarit","Nayarit","Nuevo Le\u00f3n","Nuevo Le\u00f3n","Oaxaca","Oaxaca","Puebla","Puebla","Quer\u00e9taro","Quer\u00e9taro","Quintana Roo","Quintana Roo","San Luis Potos\u00ed","San Luis Potos\u00ed","Sinaloa","Sinaloa","Sonora","Sonora","Tabasco","Tabasco","Tamaulipas","Tamaulipas","Tlaxcala","Tlaxcala","Veracruz de Ignacio de la Llave","Veracruz de Ignacio de la Llave","Yucat\u00e1n","Yucat\u00e1n","Zacatecas","Zacatecas"],"GeoCode":["0","0","1","1","2","2","3","3","4","4","5","5","6","6","7","7","8","8","9","9","10","10","11","11","12","12","13","13","14","14","15","15","16","16","17","17","18","18","19","19","20","20","21","21","22","22","23","23","24","24","25","25","26","26","27","27","28","28","29","29","30","30","31","31","32","32"],"Value":[10.3115891364,10.6807989332,11.6181325999,12.5936156555,8.1547752941,11.3800355009,12.2980990195,11.7786933973,9.8633760366,10.3728907474,11.7460265375,11.4306176749,10.2564250884,11.024352327,7.3082502868,7.8322787643,11.0983747544,11.2570062004,11.6314339726,15.2617950737,10.3857085764,10.0703081994,9.3208211592,8.5351544213,10.1553927353,7.5679870687,14.4952183298,8.7165220335,10.5829874631,10.3216461856,8.5843728385,10.2086656804,9.2235916463,8.3583270067,12.1074620651,10.7325809127,9.2866670087,8.7612648318,10.6287543748,8.7354188433,11.6101365454,12.3523637284,8.2162571287,11.300104761,10.990907863,12.6284222393,13.1631527304,10.9148124011,7.9196508269,10.4163953931,10.6363235042,10.8795446835,11.8342335513,11.4998559216,11.9536033109,9.3227953957,9.2229575463,7.0618551745,10.6666167469,10.1826878221,11.8889821665,9.2111735489,13.7886078303,11.5713069263,10.3000960144,10.3793142089]},"edges":[]}