{"data":{"Year":[2021,2020,2019,2018],"Value":[44.2843697131,44.864284853,47.3426854224,47.0719285578]},"edges":[]}