{"data":{"Year":[2021,2020,2019,2018,2017,2016,2015,2014,2013,2012,2011,2010,2009,2008,2007,2006,2005,2004,2003],"Value":[3.762327,-8.862436,-1.184534,1.146309,1.021079,1.486962,2.091755,1.578492,0.055007,2.252381,2.208458,3.590276,-6.713643,-0.377717,0.796317,3.045949,0.955321,2.543284,0.069496]},"edges":[]}