{"data":{"Year":[2022,2021,2020,2019,2018],"Value":[-5.277435196,0.822930208,-2.494909573,-1.481376372,0.437037485]},"edges":[]}