{"data":{"Year":[2021,2020,2019,2018,2017,2016,2015,2014,2013,2012,2011,2010,2009,2008,2007,2006,2005,2004,2003],"Value":[16.2774423805,15.6939106768,15.8999644939,15.8371970848,15.891829566,15.7880657721,15.9556922873,16.0109980956,15.8318239549,15.962319662,15.9166299965,15.994040269,15.4657359332,16.3000896122,16.7159686403,16.9961161735,16.9682900525,16.990941672,17.0848571221]},"edges":[]}