{"Year":[2018,2016,2014,2012,2010],"Value":[16.96275,null,null,null,17.4857585116]}