{"Year":[2018,2016,2014,2012,2010],"Value":[28.06837,null,null,null,43.1346377662]}