{"Year":[2018,2017,2016,2015,2014,2013,2012,2011,2010,2009,2008,2007,2006,2005,2004,2003,2002,2001,2000,1999,1998,1997,1996,1995,1994,1993,1992],"Value":[10.9618469149,10.9618469149,10.9538908278,10.7449081781,10.7402291567,10.7402291567,10.7402291567,10.7366132654,10.7366132654,10.6679870257,10.1880661788,10.1602278041,9.9026077906,9.9026077906,9.5295994214,9.5295994214,9.5263292745,9.5209460935,9.5209460935,9.2787352008,9.1652652394,8.8266165739,8.6299641404,8.5708760172,8.4257830879,7.7118078648,7.1299801399]}