{"Year":[2020,2019,2018,2017,2016,2015,2014,2013,2012,2011,2010,2009,2008,2007,2006,2005,2004,2003,2002,2001,2000,1999,1998,1997,1996,1995,1994,1993,1992,1991,1990],"Value":[55.6940984074,55.2879616925,54.7887230325,55.0888694417,50.7876322791,48.2586038596,39.9248164712,37.3774825427,33.5290138476,35.6359558535,37.8057724238,36.5683907059,34.6219226159,40.3894713116,39.4674402614,41.3945814352,42.9273615549,46.5978174125,49.8841172801,49.9264530973,46.9393297717,51.7712952225,48.7305257376,41.383669314,38.8165663351,40.3998925071,49.1393305295,50.751984078,50.8504397554,45.5032100421,39.4414084224]}