Year,Desarrollo adecuado_Ni単os_Ni単as,Value
2021,Total,81.5212304364358
2021,Ni単os,78.1261221666491
2021,Ni単as,84.9906085987028
2021,Urbano,82.4071740107024
2021,Rural,78.9121148918782
