{"Year":[2020,2020,2020,2020,2020,2020,2020,2020,2020,2020,2020,2020,2020,2020,2020,2020,2020,2020,2020,2020,2020,2020,2020,2020,2020,2020,2020,2020,2020,2020,2020,2020,2020],"Entidad federativa":["Estados Unidos Mexicanos","Aguascalientes","Baja California","Baja California Sur","Campeche","Coahuila de Zaragoza","Colima","Chiapas","Chihuahua","Ciudad de M\u00e9xico","Durango","Guanajuato","Guerrero","Hidalgo","Jalisco","M\u00e9xico","Michoac\u00e1n de Ocampo","Morelos","Nayarit","Nuevo Le\u00f3n","Oaxaca","Puebla","Quer\u00e9taro","Quintana Roo","San Luis Potos\u00ed","Sinaloa","Sonora","Tabasco","Tamaulipas","Tlaxcala","Veracruz de Ignacio de la Llave","Yucat\u00e1n","Zacatecas"],"GeoCode":["0","1","2","3","4","5","6","7","8","9","10","11","12","13","14","15","16","17","18","19","20","21","22","23","24","25","26","27","28","29","30","31","32"],"Value":[15.76767336,11.13482746,30.64323086,7.332005973,10.19634354,7.335062821,18.32650109,11.18678715,11.58152554,27.27272727,6.478793234,21.4529931,16.23169003,20.60088314,15.64752032,21.45408002,19.53616594,13.720019,10.03949486,10.33854869,19.25194524,21.4905121,27.42157024,8.13565128,9.214333408,31.14494821,22.82352475,11.18594999,7.88527492,10.97386858,10.92333487,8.133109325,8.882508431]}