{"Year":[2018,2016,2014,2012,2010,2008,2018,2016,2014,2012,2010,2008,2018,2016,2014,2012,2010,2008,2018,2016,2014,2012,2010,2008,2018,2016,2014,2012,2010,2008],"Nivel de escolaridad":["Total","Total","Total","Total","Total","Total","Preescolar o menos","Preescolar o menos","Preescolar o menos","Preescolar o menos","Preescolar o menos","Preescolar o menos","B\u00e1sica","B\u00e1sica","B\u00e1sica","B\u00e1sica","B\u00e1sica","B\u00e1sica","Media superior","Media superior","Media superior","Media superior","Media superior","Media superior","Superior","Superior","Superior","Superior","Superior","Superior"],"Value":[90.0076943034,90.8548283079,91.2648729983,93.7538203347,93.7842449588,86.7143720732,69.0635459871,64.7537092339,51.3025839473,53.003570663,82.3968928694,62.4967374022,81.1490941925,82.9150115775,84.8400923028,82.7928716222,83.5350929211,77.9685452606,87.2327086976,89.6401263654,91.9537413541,91.4264101775,96.5779344583,93.3413076198,96.6692732454,90.2186130671,90.1964895393,92.2713310019,91.9819070503,91.8592426466]}