{"Year":[2021,2020,2019,2018,2017,2016,2015,2014,2013,2012,2011,2010,2009,2008,2007,2006,2005,2004,2003,2002],"Value":[582.381,461.71345,476.01748,497.90088,509.69002,513.92977,493.45864,516.96357,552.21028,548.87649,557.47511,553.3287,584.75114,555.35023,545.15864,555.15502,573.01074,541.29027,539.559,530.0]}