{"Year":[2017,2014,2011],"Value":[36.9319200516,39.1408443451,27.4293839931]}