{"Year":[2020,2019,2018,2017,2016,2015,2014,2013],"Value":[12.9578305809,13.8865685319,13.9797813587,14.3340511756,14.1039493865,14.0527926544,14.8091412309,14.9202378601]}