{"Year":[2020,2019,2018,2017,2016,2015,2014,2013,2012,2011,2010,2009,2008,2007,2006,2005,2004,2003,2002,2001,2000,1999,1998,1997,1996],"Value":[2.0578531568,-2.3897123969,0.4071298488,1.780778314,4.8264270586,0.196169092,4.8662940731,1.485071365,1.9179761173,7.405714968,4.7606729177,-2.076574729,4.3352901963,3.0141182896,7.3743691174,3.9762833891,4.4674231653,2.4181415651,0.3732029406,1.1619264005,5.0205649053,3.0524035278,3.6220348687,2.7697418581,4.4404952652]}