{"Year":[2022,2021,2020,2019,2018,2017,2016,2015,2014,2022,2021,2020,2019,2018,2017,2016,2015,2014,2022,2021,2020,2019,2018,2017,2016,2015,2014],"Sexo":["Total","Total","Total","Total","Total","Total","Total","Total","Total","Hombres","Hombres","Hombres","Hombres","Hombres","Hombres","Hombres","Hombres","Hombres","Mujeres","Mujeres","Mujeres","Mujeres","Mujeres","Mujeres","Mujeres","Mujeres","Mujeres"],"Value":[51.2609286361,51.4958822109,49.8456856489,52.0309418031,51.9474732291,52.0784966837,52.425683772,52.8892688174,52.6284981474,48.7510533514,49.3070516552,47.760439981,48.7358591114,49.0000872811,49.2408959351,49.3080242971,49.5708262741,49.3422486712,54.5450519814,54.4411748696,52.6375966547,56.4135851774,55.9761716073,55.9900880705,56.6866061313,57.4384738004,57.1430953451]}