{"Year":[2019,2018,2017,2016,2015,2014,2013,2012,2011,2010,2009,2008,2007,2006,2005,2004,2003,2002,2001,2000,1999,1998,1997,1996,1995,1994,1993,1992,1991,1990],"Value":[0.3186136648,0.3190976979,0.3239344,0.3432023717,0.3344016359,0.3404208409,0.3503388057,0.3487814474,0.3692288072,0.3733234865,0.3935253712,0.3802377158,0.3590811654,0.3490618325,0.3556239056,0.3580563517,0.3602503278,0.3651940682,0.3515506782,0.3524164372,0.3580865545,0.3735626326,0.375281852,0.3789697711,0.3905806872,0.3735650662,0.3689106649,0.3790747743,0.3908650441,0.3987387941]}